rs791607,rs791608,rs4236625,rs4731427,rs10244329
NA18486,TT,TT,AA,AA,CC
NA18487,CC,CC,TT,TT,TT
NA18488,TT,TT,AA,AA,TT
NA18489,AA,AA,TT,TT,TT
NA18498,AA,AA,TT,TT,AA
NA18499,AA,AA,TT,TT,AA
NA18501,TT,TT,CC,CC,AA
NA18504,TT,TT,TT,TT,TT
NA18505,AA,AA,TT,TT,TT
NA18507,TT,TT,AA,AA,TT
NA18508,AA,AA,AA,AA,CC
NA18516,AA,AA,AA,AA,CC
NA18517,AA,AA,AA,AA,TT
NA18519,AA,AA,AA,AA,AA
NA18520,TT,TT,AA,AA,CC
NA18852,TT,TT,TT,TT,TT
NA18853,AA,AA,AA,AA,TT
NA18855,AA,AA,AA,AA,TT
NA18858,AA,AA,TT,TT,TT
NA18859,AA,AA,TT,TT,TT
